Workbook

Sheet Dashboard
A1: API TEST DASHBOARD - Coffee Shop System
A2: Project: HSF302 Group 2 | Author: Nguyen Trung Hieu | Last Updated: 01/07/2026
A4: OVERALL SUMMARY | H4: STATISTICS BY MODULE
A5: Metric | B5: Count | C5: Percentage | H5: Module | I5: Total | J5: Passed | K5: Failed | L5: Unexecuted
A6: Total Test Cases | B6: =COUNTA('Test Cases'!A2:A1000) -> 17 | C6: 1 | H6: Authentication | I6: =COUNTIF('Test Cases'!A:A,"TC_AUTH*") -> 4 | J6: =COUNTIFS('Test Cases'!A:A,"TC_AUTH*",'Test Cases'!P:P,"PASSED") -> 0 | K6: =COUNTIFS('Test Cases'!A:A,"TC_AUTH*",'Test Cases'!P:P,"FAILED") -> 0 | L6: =COUNTIFS('Test Cases'!A:A,"TC_AUTH*",'Test Cases'!P:P,"UNEXECUTED") -> 4
A7: PASSED | B7: =COUNTIF('Test Cases'!P2:P1000,"PASSED") -> 0 | C7: =IF(B6=0,"N/A",TEXT(B7/B6,"0.0%")) -> 0.0% | H7: Registration | I7: =COUNTIF('Test Cases'!A:A,"TC_REG*") -> 4 | J7: =COUNTIFS('Test Cases'!A:A,"TC_REG*",'Test Cases'!P:P,"PASSED") -> 0 | K7: =COUNTIFS('Test Cases'!A:A,"TC_REG*",'Test Cases'!P:P,"FAILED") -> 0 | L7: =COUNTIFS('Test Cases'!A:A,"TC_REG*",'Test Cases'!P:P,"UNEXECUTED") -> 4
A8: FAILED | B8: =COUNTIF('Test Cases'!P2:P1000,"FAILED") -> 0 | C8: =IF(B6=0,"N/A",TEXT(B8/B6,"0.0%")) -> 0.0% | H8: Password | I8: =COUNTIF('Test Cases'!A:A,"TC_PWD*") -> 4 | J8: =COUNTIFS('Test Cases'!A:A,"TC_PWD*",'Test Cases'!P:P,"PASSED") -> 0 | K8: =COUNTIFS('Test Cases'!A:A,"TC_PWD*",'Test Cases'!P:P,"FAILED") -> 0 | L8: =COUNTIFS('Test Cases'!A:A,"TC_PWD*",'Test Cases'!P:P,"UNEXECUTED") -> 4
A9: UNEXECUTED | B9: =COUNTIF('Test Cases'!P2:P1000,"UNEXECUTED") -> 17 | C9: =IF(B6=0,"N/A",TEXT(B9/B6,"0.0%")) -> 100.0% | H9: User Profile | I9: =COUNTIF('Test Cases'!A:A,"TC_USR*") -> 5 | J9: =COUNTIFS('Test Cases'!A:A,"TC_USR*",'Test Cases'!P:P,"PASSED") -> 0 | K9: =COUNTIFS('Test Cases'!A:A,"TC_USR*",'Test Cases'!P:P,"FAILED") -> 0 | L9: =COUNTIFS('Test Cases'!A:A,"TC_USR*",'Test Cases'!P:P,"UNEXECUTED") -> 5
A10: Pass Rate | B10: =IF(B6=0,"N/A",TEXT(B7/B6,"0.0%")) -> 0.0% | C10: (Passed / Total) | H10: TOTAL | I10: =SUM(I6:I9) -> 17 | J10: =SUM(J6:J9) -> 0 | K10: =SUM(K6:K9) -> 0 | L10: =SUM(L6:L9) -> 17
A14: QUICK STATUS VIEW - All Test Cases
A15: TC ID | B15: Test Name | C15: Method | D15: API Endpoint | E15: Execution Status
A16: ='Test Cases'!A2 -> TC_AUTH_01 | B16: ='Test Cases'!B2 -> [Login] Verify login successfully with valid credentials | C16: ='Test Cases'!D2 -> POST | D16: ='Test Cases'!E2 -> /api/auth/login | E16: ='Test Cases'!P2 -> UNEXECUTED
A17: ='Test Cases'!A3 -> TC_AUTH_02 | B17: ='Test Cases'!B3 -> [Login] Verify login fails with wrong password | C17: ='Test Cases'!D3 -> POST | D17: ='Test Cases'!E3 -> /api/auth/login | E17: ='Test Cases'!P3 -> UNEXECUTED
A18: ='Test Cases'!A4 -> TC_AUTH_03 | B18: ='Test Cases'!B4 -> [Google] Verify Google Login succeeds for NEW user | C18: ='Test Cases'!D4 -> POST | D18: ='Test Cases'!E4 -> /api/auth/google | E18: ='Test Cases'!P4 -> UNEXECUTED
A19: ='Test Cases'!A5 -> TC_AUTH_04 | B19: ='Test Cases'!B5 -> [Google] Verify Google Login fails with fake/expired token | C19: ='Test Cases'!D5 -> POST | D19: ='Test Cases'!E5 -> /api/auth/google | E19: ='Test Cases'!P5 -> UNEXECUTED
A20: ='Test Cases'!A6 -> TC_REG_01 | B20: ='Test Cases'!B6 -> [Register] Verify register successfully with new email | C20: ='Test Cases'!D6 -> POST | D20: ='Test Cases'!E6 -> /api/auth/register | E20: ='Test Cases'!P6 -> UNEXECUTED
A21: ='Test Cases'!A7 -> TC_REG_02 | B21: ='Test Cases'!B7 -> [Register] Verify register fails with duplicate email | C21: ='Test Cases'!D7 -> POST | D21: ='Test Cases'!E7 -> /api/auth/register | E21: ='Test Cases'!P7 -> UNEXECUTED
A22: ='Test Cases'!A8 -> TC_REG_03 | B22: ='Test Cases'!B8 -> [Verify OTP] Verify email successfully with correct OTP | C22: ='Test Cases'!D8 -> POST | D22: ='Test Cases'!E8 -> /api/auth/verify-email | E22: ='Test Cases'!P8 -> UNEXECUTED
A23: ='Test Cases'!A9 -> TC_REG_04 | B23: ='Test Cases'!B9 -> [Verify OTP] Verify email fails with wrong/expired OTP | C23: ='Test Cases'!D9 -> POST | D23: ='Test Cases'!E9 -> /api/auth/verify-email | E23: ='Test Cases'!P9 -> UNEXECUTED
A24: ='Test Cases'!A10 -> TC_PWD_01 | B24: ='Test Cases'!B10 -> [Forgot Password] Verify OTP is sent for valid email | C24: ='Test Cases'!D10 -> POST | D24: ='Test Cases'!E10 -> /api/auth/forgot-password | E24: ='Test Cases'!P10 -> UNEXECUTED
A25: ='Test Cases'!A11 -> TC_PWD_02 | B25: ='Test Cases'!B11 -> [Forgot Password] Verify fails for non-existent email | C25: ='Test Cases'!D11 -> POST | D25: ='Test Cases'!E11 -> /api/auth/forgot-password | E25: ='Test Cases'!P11 -> UNEXECUTED
A26: ='Test Cases'!A12 -> TC_PWD_03 | B26: ='Test Cases'!B12 -> [Set Password] Verify reset password successfully with valid OTP | C26: ='Test Cases'!D12 -> POST | D26: ='Test Cases'!E12 -> /api/auth/set-password | E26: ='Test Cases'!P12 -> UNEXECUTED
A27: ='Test Cases'!A13 -> TC_PWD_04 | B27: ='Test Cases'!B13 -> [Set Password] Verify reset password fails with wrong OTP | C27: ='Test Cases'!D13 -> POST | D27: ='Test Cases'!E13 -> /api/auth/set-password | E27: ='Test Cases'!P13 -> UNEXECUTED
... A32: ='Test Cases'!A18 -> TC_USR_05 | B32: ='Test Cases'!B18 -> [Complete Google Account] Verify complete profile for first-time Google user | C32: ='Test Cases'!D18 -> POST | D32: ='Test Cases'!E18 -> /api/user/complete-google-account | E32: ='Test Cases'!P18 -> UNEXECUTED

Sheet Test Cases
A1: ID | B1: NAME | C1: PRE-CONDITION | D1: METHOD | E1: API | F1: REQUEST_HEADERS | G1: REQUEST_BODY | H1: EXPECTED_STATUS | I1: EXPECTED_MESSAGE | J1: EXPECTED_HEADERS | K1: EXPECTED_BODY | L1: ACTUAL_STATUS | M1: ACTUAL_MESSAGE | N1: ACTUAL_HEADERS | O1: ACTUAL_BODY | P1: EXECUTION_STATUS | Q1: DESIGN_BY | R1: DESIGN_DATE | S1: EXECUTE_BY | T1: EXECUTE_DATE
A2: TC_AUTH_01 | B2: [Login] Verify login successfully with valid credentials | C2: User 'admin' exists in DB with BCrypt password | D2: POST | E2: /api/auth/login | F2: Content-Type: application/json | G2: { "username": "admin","password": "123" } | H2: 200 | I2: Login successful | J2: Content-Type: application/json | K2: {"status":200,"message":"Login successful","data":{"token":"<JWT_TOKEN>","roles":["ROLE_ADMIN"]}} | P2: UNEXECUTED | Q2: Nguyen Trung Hieu | R2: 46204
A3: TC_AUTH_02 | B3: [Login] Verify login fails with wrong password | C3: User 'admin' exists in DB | D3: POST | E3: /api/auth/login | F3: Content-Type: application/json | G3: {"username": "admin","password": "wrongpass"} | H3: 401 | I3: Invalid username or password | J3: Content-Type: application/json | K3: {"status":401,"message":"Invalid username or password","data":null} | P3: UNEXECUTED | Q3: Nguyen Trung Hieu | R3: 46204
A4: TC_AUTH_03 | B4: [Google] Verify Google Login succeeds for NEW user | C4: Google idToken is valid; Email does NOT exist in DB | D4: POST | E4: /api/auth/google | F4: Content-Type: application/json | G4: {"idToken": "valid_google_id_token"} | H4: 200 | I4: Google Login successful | J4: Content-Type: application/json | K4: { "status":200, "message":"Google Login successful", "data":{"token":"<JWT_TOKEN>", "roles":["ROLE_CUSTOMER"]} } | P4: UNEXECUTED | Q4: Nguyen Trung Hieu | R4: 46204
A5: TC_AUTH_04 | B5: [Google] Verify Google Login fails with fake/expired token | C5: Google token is invalid (expired or tampered) | D5: POST | E5: /api/auth/google | F5: Content-Type: application/json | G5: {"idToken": "fake_or_expired_token"} | H5: 401 | I5: Invalid Google Token | J5: Content-Type: application/json | K5: { "status":401, "message":"Invalid Google Token", "data":null } | P5: UNEXECUTED | Q5: Nguyen Trung Hieu | R5: 46204
A6: TC_REG_01 | B6: [Register] Verify register successfully with new email | C6: Email 'test@gmail.com' does NOT exist in DB; SMTP mail configured | D6: POST | E6: /api/auth/register | F6: Content-Type: application/json | G6: { "firstName":"Hieu", "lastName":"Nguyen", "email":"test@gmail.com", "password":"123", "phone":"0123456789" } | H6: 200 | I6: OTP has been sent to your email. | J6: Content-Type: application/json | K6: { "status":200, "message":"OTP has been sent to your email.", "data":null } | P6: UNEXECUTED | Q6: Nguyen Trung Hieu | R6: 46204
A7: TC_REG_02 | B7: [Register] Verify register fails with duplicate email | C7: Email 'exist@gmail.com' ALREADY exists in DB | D7: POST | E7: /api/auth/register | F7: Content-Type: application/json | G7: { "firstName":"Hieu", "email":"exist@gmail.com", "password":"123", "phone":"0999" } | H7: 400 | I7: Email is already registered! | J7: Content-Type: application/json | K7: { "status":400, "message":"Email is already registered!", "data":null } | P7: UNEXECUTED | Q7: Nguyen Trung Hieu | R7: 46204
A8: TC_REG_03 | B8: [Verify OTP] Verify email successfully with correct OTP | C8: User 'test@gmail.com' is INACTIVE; OTP '123456' is still valid in cache | D8: POST | E8: /api/auth/verify-email | F8: Content-Type: application/json | G8: {"email":"test@gmail.com","otp":"123456"} | H8: 200 | I8: Email verified successfully. Registration complete. | J8: Content-Type: application/json | K8: { "status":200, "message":"Email verified successfully. Registration complete.", "data":null } | P8: UNEXECUTED | Q8: Nguyen Trung Hieu | R8: 46204
A9: TC_REG_04 | B9: [Verify OTP] Verify email fails with wrong/expired OTP | C9: User 'test@gmail.com' is INACTIVE | D9: POST | E9: /api/auth/verify-email | F9: Content-Type: application/json | G9: {"email":"test@gmail.com","otp":"000000"} | H9: 400 | I9: Invalid or expired OTP. | J9: Content-Type: application/json | K9: { "status":400, "message":"Invalid or expired OTP.", "data":null} | P9: UNEXECUTED | Q9: Nguyen Trung Hieu | R9: 46204
A10: TC_PWD_01 | B10: [Forgot Password] Verify OTP is sent for valid email | C10: User 'test@gmail.com' is ACTIVE in DB; SMTP mail configured | D10: POST | E10: /api/auth/forgot-password | F10: Content-Type: application/json | G10: ?email=test@gmail.com (Query Param) | H10: 200 | I10: An OTP has been sent to your email. | J10: Content-Type: application/json | K10: { "status":200, "message":"An OTP has been sent to your email.", "data":null } | P10: UNEXECUTED | Q10: Nguyen Trung Hieu | R10: 46204
A11: TC_PWD_02 | B11: [Forgot Password] Verify fails for non-existent email | C11: Email 'notfound@gmail.com' does NOT exist in DB | D11: POST | E11: /api/auth/forgot-password | F11: Content-Type: application/json | G11: ?email=notfound@gmail.com (Query Param) | H11: 404 | I11: Email not found. | J11: Content-Type: application/json | K11: { "status":404, "message":"Email not found.", "data":null } | P11: UNEXECUTED | Q11: Nguyen Trung Hieu | R11: 46204
A12: TC_PWD_03 | B12: [Set Password] Verify reset password successfully with valid OTP | C12: OTP '123456' is valid for 'test@gmail.com' | D12: POST | E12: /api/auth/set-password | F12: Content-Type: application/json | G12: { "email":"test@gmail.com", "otp":"123456", "newPassword":"new123" } | H12: 200 | I12: Password has been reset successfully. | J12: Content-Type: application/json | K12: { "status":200, "message":"Password has been reset successfully.", "data":null } | P12: UNEXECUTED | Q12: Nguyen Trung Hieu | R12: 46204
A13: TC_PWD_04 | B13: [Set Password] Verify reset password fails with wrong OTP | C13: User 'test@gmail.com' exists; OTP '000000' is invalid | D13: POST | E13: /api/auth/set-password | F13: Content-Type: application/json | G13: { "email":"test@gmail.com", "otp":"000000", "newPassword":"new123" } | H13: 400 | I13: Invalid or expired OTP. | J13: Content-Type: application/json | K13: {"status":400,"message":"Invalid or expired OTP.","data":null} | P13: UNEXECUTED | Q13: Nguyen Trung Hieu | R13: 46204
... A18: TC_USR_05 | B18: [Complete Google Account] Verify complete profile for first-time Google user | C18: User logged in via Google; passwordHash = GOOGLE_OAUTH_DUMMY_HASH; phone is empty | D18: POST | E18: /api/user/complete-google-account | F18: Authorization: Bearer <valid_jwt_token> Content-Type: application/json | G18: { "phone":"0987654321", "newPassword":"new123", "confirmPassword":"new123" } | H18: 200 | I18: Account information updated successfully | J18: Content-Type: application/json | K18: { "status":200, "message":"Account information updated successfully", "data":null } | P18: UNEXECUTED | Q18: Nguyen Trung Hieu | R18: 46204
